﻿Epics,Name,My Progress,Tasks
1,Requirements Analysis,1,Analyse & Understand the Requirements (Analyse%20&%20Understand%20the%20Requirements%20210bfa65f7db81ddacbad763e0d843ac.md)
2,Design Data Architecture,1,"Design the Layers (Design%20the%20Layers%20210bfa65f7db816492d9ff62a0c9c6ab.md), Draw the Data Architecture (Draw.io) (Draw%20the%20Data%20Architecture%20(Draw%20io)%20210bfa65f7db8135b61ff1022a9b08dc.md), Choose Data Management Approach (Choose%20Data%20Management%20Approach%20210bfa65f7db8165866dcb2e27ef018b.md)"
3,Project Initialization,1,"Create Git Repo & Prepare The Repo Structure (Create%20Git%20Repo%20&%20Prepare%20The%20Repo%20Structure%20210bfa65f7db814dbcb2f25a138779a6.md), Create Database & Schemas (Create%20Database%20&%20Schemas%20210bfa65f7db8112ba37f08a7d07a24f.md), Create Detailed Project Tasks (Notion) (Create%20Detailed%20Project%20Tasks%20(Notion)%20210bfa65f7db818081c0f065dd1e3b37.md), Define Project Naming Conventions (Define%20Project%20Naming%20Conventions%20210bfa65f7db81a3ab6fc50b01e056dd.md)"
4,Build Bronze Layer,1,"Analysing: Source Systems (Analysing%20Source%20Systems%20210bfa65f7db81418499ebb8d6770739.md), Coding: Data Ingestion (Coding%20Data%20Ingestion%20210bfa65f7db816592eec3e73079d17d.md), Validating: Data Completeness & Schema Checks (Validating%20Data%20Completeness%20&%20Schema%20Checks%20210bfa65f7db811aa26ed3f1c5ec9099.md), Document: Draw Data Flow (Draw.io) (Document%20Draw%20Data%20Flow%20(Draw%20io)%20210bfa65f7db81259422dc9c1c7d1502.md), Commit Code in Git Repo (Commit%20Code%20in%20Git%20Repo%20210bfa65f7db8188a1afff24b282783b.md)"
5,Build Silver Layer,1,"Analysing: Explore & Understand Data (Analysing%20Explore%20&%20Understand%20Data%20210bfa65f7db811291e6e1c06d603eef.md), Document: Draw Data Integration (Draw.io) (Document%20Draw%20Data%20Integration%20(Draw%20io)%20210bfa65f7db814bade1e22e71b0e127.md), Validating: Data Correctness Checks (Validating%20Data%20Correctness%20Checks%20210bfa65f7db8119925ecc63692b582a.md), Document: Extend Data Flow (Draw.io) (Document%20Extend%20Data%20Flow%20(Draw%20io)%20210bfa65f7db817e8984e239754708d6.md), Commit Code in Git Repo (Commit%20Code%20in%20Git%20Repo%20210bfa65f7db819ba12ff48478385810.md), Coding: Data Cleansing (Coding%20Data%20Cleansing%20210bfa65f7db8159892dd8987d4954ba.md)"
6,Build Gold Layer,1,"Analysing: Explore Business Objects (Analysing%20Explore%20Business%20Objects%20210bfa65f7db814dbd14c1db28714201.md), Coding: Data Integration (Coding%20Data%20Integration%20210bfa65f7db8181b5fff8b140d16442.md), Validating: Data Integration Checks (Validating%20Data%20Integration%20Checks%20210bfa65f7db81bea656cd3d4b883580.md), Document: Draw Data Model of Star Schema (Draw.io) (Document%20Draw%20Data%20Model%20of%20Star%20Schema%20(Draw%20io)%20210bfa65f7db81c1b956e2fdcfd51f1e.md), Commit Code in Git Repo (Commit%20Code%20in%20Git%20Repo%20210bfa65f7db81dc8ef2f2c5a75f2473.md), Document: Create Data Catalog (Document%20Create%20Data%20Catalog%20210bfa65f7db81f7b16ada6cc3bbbbf6.md), Document: Extend Data Flow (Draw.io) (Document%20Extend%20Data%20Flow%20(Draw%20io)%20210bfa65f7db8119b56fe02ab10f2208.md)"