﻿Epics,Tasks,Status
Requirements Analysis (Requirements%20Analysis%20210bfa65f7db81a48925da633452c1e4.md),Analyse & Understand the Requirements,Yes
Design Data Architecture (Design%20Data%20Architecture%20210bfa65f7db8115bff3c4c68dfe6862.md),Choose Data Management Approach,Yes
Design Data Architecture (Design%20Data%20Architecture%20210bfa65f7db8115bff3c4c68dfe6862.md),Design the Layers,Yes
Design Data Architecture (Design%20Data%20Architecture%20210bfa65f7db8115bff3c4c68dfe6862.md),Draw the Data Architecture (Draw.io),Yes
Project Initialization (Project%20Initialization%20210bfa65f7db812fbe45c08098de659e.md),Create Detailed Project Tasks (Notion),Yes
Project Initialization (Project%20Initialization%20210bfa65f7db812fbe45c08098de659e.md),Define Project Naming Conventions,Yes
Project Initialization (Project%20Initialization%20210bfa65f7db812fbe45c08098de659e.md),Create Git Repo & Prepare The Repo Structure,Yes
Project Initialization (Project%20Initialization%20210bfa65f7db812fbe45c08098de659e.md),Create Database & Schemas,Yes
Build Bronze Layer (Build%20Bronze%20Layer%20210bfa65f7db81189141e7f243d78439.md),Analysing: Source Systems,Yes
Build Bronze Layer (Build%20Bronze%20Layer%20210bfa65f7db81189141e7f243d78439.md),Coding: Data Ingestion,Yes
Build Bronze Layer (Build%20Bronze%20Layer%20210bfa65f7db81189141e7f243d78439.md),Validating: Data Completeness & Schema Checks,Yes
Build Bronze Layer (Build%20Bronze%20Layer%20210bfa65f7db81189141e7f243d78439.md),Document: Draw Data Flow (Draw.io),Yes
Build Bronze Layer (Build%20Bronze%20Layer%20210bfa65f7db81189141e7f243d78439.md),Commit Code in Git Repo,Yes
Build Silver Layer (Build%20Silver%20Layer%20210bfa65f7db8188ad59de24e4527d28.md),Analysing: Explore & Understand Data,Yes
Build Silver Layer (Build%20Silver%20Layer%20210bfa65f7db8188ad59de24e4527d28.md),Document: Draw Data Integration (Draw.io),Yes
Build Silver Layer (Build%20Silver%20Layer%20210bfa65f7db8188ad59de24e4527d28.md),Coding: Data Cleansing,Yes
Build Silver Layer (Build%20Silver%20Layer%20210bfa65f7db8188ad59de24e4527d28.md),Validating: Data Correctness Checks,Yes
Build Silver Layer (Build%20Silver%20Layer%20210bfa65f7db8188ad59de24e4527d28.md),Document: Extend Data Flow (Draw.io),Yes
Build Silver Layer (Build%20Silver%20Layer%20210bfa65f7db8188ad59de24e4527d28.md),Commit Code in Git Repo,Yes
Build Gold Layer (Build%20Gold%20Layer%20210bfa65f7db81b0a369f688eb310bed.md),Analysing: Explore Business Objects,Yes
Build Gold Layer (Build%20Gold%20Layer%20210bfa65f7db81b0a369f688eb310bed.md),Coding: Data Integration,Yes
Build Gold Layer (Build%20Gold%20Layer%20210bfa65f7db81b0a369f688eb310bed.md),Validating: Data Integration Checks,Yes
Build Gold Layer (Build%20Gold%20Layer%20210bfa65f7db81b0a369f688eb310bed.md),Document: Draw Data Model of Star Schema (Draw.io),Yes
Build Gold Layer (Build%20Gold%20Layer%20210bfa65f7db81b0a369f688eb310bed.md),Document: Create Data Catalog,Yes
Build Gold Layer (Build%20Gold%20Layer%20210bfa65f7db81b0a369f688eb310bed.md),Document: Extend Data Flow (Draw.io),Yes
Build Gold Layer (Build%20Gold%20Layer%20210bfa65f7db81b0a369f688eb310bed.md),Commit Code in Git Repo,Yes